"category","key","source_en","draft","decision","suggested_alternative","official_in_game_term","source_of_official_term","reviewer_comment","reviewed_date"
"ability","offensiveAwareness","Offensive Awareness","Attitudine offensiva","","","","","",""
"ability","ballControl","Ball Control","Controllo palla","","","","","",""
"ability","dribbling","Dribbling","Dribbling","","","","","",""
"ability","tightPossession","Tight Possession","Controllo stretto","","","","","",""
"ability","lowPass","Low Pass","Passaggio rasoterra","","","","","",""
"ability","loftedPass","Lofted Pass","Passaggio alto","","","","","",""
"ability","finishing","Finishing","Finalizzazione","","","","","",""
"ability","heading","Heading","Colpo di testa","","","","","",""
"ability","setPieceTaking","Set Piece Taking","Calci piazzati","","","","","",""
"ability","curl","Curl","Effetto","","","","","",""
"ability","defensiveAwareness","Defensive Awareness","Attitudine difensiva","","","","","",""
"ability","tackling","Tackling","Contrasto","","","","","",""
"ability","aggression","Aggression","Aggressività","","","","","",""
"ability","defensiveEngagement","Defensive Engagement","Impegno difensivo","","","","","",""
"ability","gkAwareness","GK Awareness","Attitudine portiere","","","","","",""
"ability","gkCatching","GK Catching","Presa portiere","","","","","",""
"ability","gkParrying","GK Parrying","Respinta portiere","","","","","",""
"ability","gkReflexes","GK Reflexes","Riflessi portiere","","","","","",""
"ability","gkReach","GK Reach","Estensione portiere","","","","","",""
"ability","speed","Speed","Velocità","","","","","",""
"ability","acceleration","Acceleration","Accelerazione","","","","","",""
"ability","kickingPower","Kicking Power","Potenza di tiro","","","","","",""
"ability","jumping","Jumping","Elevazione","","","","","",""
"ability","physicalContact","Physical Contact","Contatto fisico","","","","","",""
"ability","balance","Balance","Equilibrio","","","","","",""
"ability","stamina","Stamina","Resistenza","","","","","",""
"progression group","shooting","Shooting","Tiro","","","","","",""
"progression group","passing","Passing","Passaggio","","","","","",""
"progression group","dribbling","Dribbling","Dribbling","","","","","",""
"progression group","dexterity","Dexterity","Destrezza","","","","","",""
"progression group","lowerBodyStrength","Lower Body Strength","Forza nelle gambe","","","","","",""
"progression group","aerialStrength","Aerial Strength","Gioco aereo","","","","","",""
"progression group","defending","Defending","Difesa","","","","","",""
"progression group","goalkeeping1","GK 1","Portiere 1","","","","","",""
"progression group","goalkeeping2","GK 2","Portiere 2","","","","","",""
"progression group","goalkeeping3","GK 3","Portiere 3","","","","","",""
"tactic","possessionGame","Possession Game","Possesso palla","","","","","",""
"tactic","quickCounter","Quick Counter","Contropiede rapido","","","","","",""
"tactic","longBallCounter","Long Ball Counter","Contropiede lungo","","","","","",""
"tactic","outWide","Out Wide","Gioco sulle fasce","","","","","",""
"tactic","longBall","Long Ball","Lanci lunghi","","","","","",""
"tactic","overload","Overload","Sovraccarico","","","","","",""
"feature name (navigation)","nav.home","Home","Home","","","","","",""
"feature name (navigation)","nav.players","Players","Giocatori","","","","","",""
"feature name (navigation)","nav.managers","Managers","Allenatori","","","","","",""
"feature name (navigation)","nav.compare","Compare","Confronta","","","","","",""
"feature name (navigation)","nav.squads","Squads","Rose","","","","","",""
"feature name (navigation)","nav.favorites","Favorites","Preferiti","","","","","",""
"feature name (navigation)","nav.myTeam","My Team","La mia squadra","","","","","",""
"feature name (navigation)","nav.myBuilds","My Builds","Le mie build","","","","","",""
"feature name (navigation)","nav.buildInventory","Build Analysis","Analisi delle build","","","","","",""
"feature name (navigation)","nav.diagnosisHistory","Diagnosis history","Cronologia diagnosi","","","","","",""
"feature name (navigation)","nav.bestXi","AI Best XI","AI Best XI","","","","","",""
"feature name (navigation)","nav.tierLists","Tier List","Tier list","","","","","",""
"feature name (navigation)","nav.packs","Packs","Pacchetti","","","","","",""
"feature name (navigation)","nav.community","Community","Community","","","","","",""
"feature name (navigation)","nav.comingSoon","Coming soon","Prossimamente","","","","","",""
"feature name (navigation)","nav.collapseLabel","Collapse","Comprimi","","","","","",""
"feature name (navigation)","nav.brand","TeamAIXI","TeamAIXI","","","","","",""
"fixed term (contract)","Link-Up Play","Link-Up Play","Link-Up Play (kept by contract)","","","","","Keep unless the data source confirms an official local term (docs/i18n/translation-management.md §5)",""
"fixed term (contract)","OVR","OVR","OVR (kept by contract)","","","","","Keep unless the data source confirms an official local term",""
